"quotedTweet/avatar","quotedTweet/fullname","quotedTweet/images/0","quotedTweet/links/0","quotedTweet/links/1","quotedTweet/links/2","quotedTweet/links/3","quotedTweet/links/4","quotedTweet/links/5","quotedTweet/links/6","quotedTweet/links/7","quotedTweet/links/8","quotedTweet/links/9","quotedTweet/links/10","quotedTweet/links/11","quotedTweet/links/12","quotedTweet/links/13","quotedTweet/links/14","quotedTweet/links/15","quotedTweet/links/16","quotedTweet/links/17","quotedTweet/text","quotedTweet/timestamp","quotedTweet/url","quotedTweet/username","links/0","links/1","links/2","links/3","links/4","links/5","links/6","links/7","links/8","links/9","user/avatar","user/description","user/joinDate","user/location","user/totalFollowers","user/totalFollowing","user/totalLikes","user/totalTweets","user/url","user/userFullName","user/username","user/verified","user/website","verified","replies","quotes","id","fullname","retweets","isReply","text","timestamp","likes","username"
"https://profile_images/1612628651778113538/VqNM6q39.png","Edelman APAC",,"https://twitter.com/campaignbrief",,,,,,,,,,,,,,,,,,"We're proud to have picked up 13 recognitions in 'THE WORK 2024' by @campaignbrief. Recognised as a true record of creativity for the entire APAC region, THE WORK features the very best creative campaigns of the year from Asia, Australia and New Zealand.","2024-08-09T08:59:00.000Z","https://twitter.com/EdelmanAPAC/status/1821833616248496142","@EdelmanAPAC","https://twitter.com/campaignbrief","https://twitter.com/StarbucksIndia",,,,,,,,,,,,,"0","0","0","0","https://twitter.comnull",,,"false",,"false","0","0","1822869617527964017","Ashish Pathak","0","false","Not everyday that you make it to @campaignbrief Asia’s ‘The Work’. Our work on Starbucks has helped us debut at rank #3 in India. Proud of the team involved & a big thanks to our clients at @StarbucksIndia","2024-08-12T05:35:00.000Z","0","@MolecularBeing"
,,,,,,,,,,,,,,,,,,,,,,,,,"https://twitter.com/search?q=%23RespectTheSpace","https://twitter.com/search?q=%23CafeEtiquette","https://twitter.com/StarbucksIndia",,,,,,,,,,,,"0","0","0","0","https://twitter.comnull",,,"false",,"false","0","0","1822841245246321051","PlasticSurgeonJS","0","false","Morning cafe, perfect for peace and coffee—until someone blasts videos on full volume. Major turnoff.
#RespectTheSpace #CafeEtiquette
@StarbucksIndia","2024-08-12T03:43:00.000Z","1","@DrJubin"
,,,,,,,,,,,,,,,,,,,,,,,,,,,,,,,,,,,,,,,"0","0","0","0","https://twitter.comnull",,,"false",,"true","0","0","1822839509459096007","Starbucks India","0","true","Hi Prabanjan - We are sorry to hear about that. Please DM us your contact number, our Customer Care Team would connect with you.","2024-08-12T03:36:00.000Z","0","@StarbucksIndia"
,,,,,,,,,,,,,,,,,,,,,,,,,"https://twitter.com/StarbucksIndia",,,,,,,,,,,,,,"0","0","0","0","https://twitter.comnull",,,"false",,"false","1","0","1822699761968746613","Prabanjan Raja","0","false","@StarbucksIndia  what have you guys done with tiramisu it’s so bad guys","2024-08-11T18:21:00.000Z","0","@prabanjan_"
,,,,,,,,,,,,,,,,,,,,,,,,,,,,,,,,,,,,,,,"0","0","0","0","https://twitter.comnull",,,"false",,"false","0","0","1822696511664247049","vartika mathur","0","true","I did not get any response","2024-08-11T18:08:00.000Z","0","@vartikamathur"
,,,,,,,,,,,,,,,,,,,,,,,,,,,,,,,,,,,,,,,"0","0","0","0","https://twitter.comnull",,,"false",,"false","0","0","1822672388791652634","LANDOTD","0","false","So my fellow ummatis when are you boycotting twitter?

Easy to talk boycott Starbucks when most here in India won’t have a coffee worth 400 Rs.

Ab twitter kab kar rahe ho boycott?","2024-08-11T16:32:00.000Z","0","@HomelandoNorrif"
,,,,,,,,,,,,,,,,,,,,,,,,,,,,,,,,,,,,,,,"0","0","0","0","https://twitter.comnull",,,"false",,"false","0","0","1822665718912938445","moneyness (Me, myself and moneyness)","1","false","Indians for you: 

Someone derided me in front of the team:
""When Starbucks comes to your village, I will quit my CEO job.""

Tata Coffee is in Vaigai Nagar, right next to my village.

Tatas are the sole franchisee of Star Bucks in India.","2024-08-11T16:05:00.000Z","0","@moneyness03"
,,,,,,,,,,,,,,,,,,,,,,,,,,,,,,,,,,,,,,,"0","0","0","0","https://twitter.comnull",,,"false",,"false","0","0","1822662489617645741","India ~","0","false","Compré un vaso coleccionable de Starbucks y es muy lindo y ahora los quiero todos. Qué difícil.","2024-08-11T15:52:00.000Z","0","@tammtorres"
,,,,,,,,,,,,,,,,,,,,,,,,,,,,,,,,,,,,,,,"0","0","0","0","https://twitter.comnull",,,"false",,"false","0","0","1822660572371931309","Harsh Agarwal","0","true","Am I the only one who has never tried Starbucks in India :(.","2024-08-11T15:45:00.000Z","0","@harshogle1"
,,,,,,,,,,,,,,,,,,,,,,,,,,,,,,,,,,,,,,,"0","0","0","0","https://twitter.comnull",,,"false",,"false","0","0","1822638244942815248","Rahul","0","true","Nothing specific to India. This trend is world-over. You can search on the internet about below two brands and how Starbucks lost the case when it challenged the other brand.","2024-08-11T14:16:00.000Z","0","@rahtiwary"
,,,,,,,,,,,,,,,,,,,,,,,,,,,,,,,,,,,,,,,"0","0","0","0","https://twitter.comnull",,,"false",,"true","0","0","1822634839222391154","Starbucks India","0","true","Hi - We are sorry to hear about that. Please DM us your contact number, our Customer Care Team would connect with you.","2024-08-11T14:03:00.000Z","0","@StarbucksIndia"
,,,,,,,,,,,,,,,,,,,,,,,,,,,,,,,,,,,,,,,"0","0","0","0","https://twitter.comnull",,,"false",,"false","1","0","1822625137495306450","filterpapi","0","true","almost all cafes are cheaper and better than starbucks in india","2024-08-11T13:24:00.000Z","5","@filterpapi"
,,,,,,,,,,,,,,,,,,,,,,,,,"https://twitter.com/StarbucksIndia","https://twitter.com/search?q=%23PhoenixPalassio","https://twitter.com/search?q=%23Palassio","https://twitter.com/search?q=%23Lucknow","https://twitter.com/search?q=%23Starbucks",,,,,,,,,,"0","0","0","0","https://twitter.comnull",,,"false",,"false","0","0","1822599861780218329","Phoenix Palassio","0","false","Coffee lovers, rejoice!

Abhik Haldar just hit up @StarbucksIndia at #PhoenixPalassio and found the ultimate perk: 30% off all beverages until August 18th!

Swing by and sip on this unbeatable offer. Which drink will you indulge in first?

#Palassio #Lucknow #Starbucks","2024-08-11T11:44:00.000Z","0","@PhoenixPalassio"
,,,,,,,,,,,,,,,,,,,,,,,,,"https://twitter.com/StarbucksIndia","https://twitter.com/Starbucks",,,,,,,,,,,,,"0","0","0","0","https://twitter.comnull",,,"false",,"false","0","0","1822595899278659636","Abhi","0","false","@StarbucksIndia the Aircondition is not working in your Rcity Mall store on ground floor. @Starbucks","2024-08-11T11:28:00.000Z","0","@AbhimanyuOE"
"https://profile_images/1819556102876590080/PW2iqnS8.jpg","FreenBecky_RankingVN🇻🇳","https://pbs.twimg.com/media/GUorZ79b0AAlxnC.jpg","https://twitter.com/search?q=%23ฟรีนเบค","https://twitter.com/search?q=%23FreenBecky","https://twitter.com/search?q=%23srchafreen","https://twitter.com/sunshine_49","https://twitter.com/py2k03","https://twitter.com/familiampayne","https://twitter.com/Wbworld96","https://twitter.com/MakmyYuL","https://twitter.com/sheenachia12","https://docs.google.com/spreadsheets/d/16TFcDtLcAPCXgPZkK0_7lBvCDBUetAtWbDVWDdhfXe8/edit?usp=drivesdk","https://twitter.com/bfbphils","https://twitter.com/FreenBeckyINTL","https://twitter.com/FBWonderland_","https://twitter.com/RealesLatamFB","https://twitter.com/freenbeckeurop","https://twitter.com/FREENBECKCOL_","https://twitter.com/fbrankingvn","https://twitter.com/sheenachia12","#ฟรีนเบค #FreenBecky #srchafreen
We closed donation of ""BE MY FREENAIRY"" PROJECT and start to collect all funds, doing report after deducting fee, prepare documental for buying tickets and take hard-copy, DM fans to check and distribute for them.

We will give exact numbers of tickets later to let you guys know!
---------------------------------------
For fans who win, we will DM one by one with guidelines and contact to take tickets.

Note: some fans we cannot contact with wrong X account. Please check below list:
- No.13: @keey_lmnop Kaye Almeda >> cannot find X account
- No.20: @sunshine_49 Yayuk endah lestari >> X account protect, cannot DM
- No.37: @py2k03 cannot DM, leave a comment in a post but no reply.
- No23: @familiampayne DM but no reply
- No.7: @Wbworld96 DM but no reply
- No.38 @MakmyYuL DM but no reply

If there is no reply before 12th Aug 23:59 BKK, we are so sorry that we have to give this ticket to another girlfreen because our target to have more fans to join Freen's birthday.
-----------------------------------------
🤝Given tickets:
- 16th Aug, 16:00-18:00: at Starbucks Siam Center
- 17 Aug, 09:00 - 10:00: at Venue Thunder Dome Muangthong Thani
✅Please tell your number in checking name list, X account (or mail account) to receive your ticket on 16-17 Aug.

Please get tickets on time, otherwise we will give tickets to others.
In case, fans need help or information about giving tickets activity, please DM @sheenachia12, she helps us to give fans tickets.

📄List tickets for checking name (communication methods and email will be hidden), who got ""checked box"" mean that you got tickets
docs.google.com/spreadsheets…
------------------------------------------
Collaboration groups:
1⃣Philippines/ASIA : @bfbphils
2⃣Philippines/ASIA :@FreenBeckyINTL
3⃣USA: @FBWonderland_
4⃣ Latam @RealesLatamFB 
5⃣ Europe @freenbeckeurop 
6⃣ Colombia @FREENBECKCOL_ 
7⃣VietNam/ASIA @fbrankingvn
Support: @sheenachia12","2024-08-10T17:27:00.000Z","https://twitter.com/fbrankingvn/status/1822323942444454068","@fbrankingvn","https://x.com/fbrankingvn/status/1822323942444454068?s=46","https://twitter.com/bfbphils","https://twitter.com/FreenBeckyINTL","https://twitter.com/FBWonderland_","https://twitter.com/RealesLatamFB","https://twitter.com/freenbeckeurop","https://twitter.com/FREENBECKCOL_","https://twitter.com/fbrankingvn","https://twitter.com/sheenachia12",,,,,,"0","0","0","0","https://twitter.comnull",,,"false",,"true","58","2","1822565000927674775","Sheena Chia","231","false","All tickets from the donation project has been collected!! 😍😍

Ticket winners have all been contacted, these are the details for the collection! 

- 16th Aug, 16:00-18:00: at Starbucks Siam Center
- 17 Aug, 09:00 - 10:00: at Venue Thunder Dome

You can refer to the tweet below for more information!!
🔗: x.com/fbrankingvn/status/182…

Once again, a huge thank you to the collaboration groups for this project!! So proud to be a part of this!! ❤️🫶🏻

Collaboration groups:
1⃣Philippines/ASIA : @bfbphils
2⃣Philippines/ASIA :@FreenBeckyINTL
3⃣USA: @FBWonderland_
4⃣ Latam @RealesLatamFB 
5⃣ Europe @freenbeckeurop 
6⃣ Colombia @FREENBECKCOL_ 
7⃣VietNam/ASIA @fbrankingvn
Support: @sheenachia12","2024-08-11T09:25:00.000Z","418","@sheenachia12"
,,,,,,,,,,,,,,,,,,,,,,,,,"https://twitter.com/StarbucksIndia",,,,,,,,,,,,,,"0","0","0","0","https://twitter.comnull",,,"false",,"false","0","0","1822550867511304213","Balasubramanyam Pattavardhnam","0","true","I am a regular visitor to this outlet 😲.  I am having second thoughts now.  @StarbucksIndia is on the same street. Hope they are doing proper checks","2024-08-11T08:29:00.000Z","3","@bpbala"
,,,,,,,,,,,,,,,,,,,,,,,,,"https://twitter.com/StarbucksIndia","https://twitter.com/search?q=%23STARBUCKSDOWN",,,,,,,,,,,,,"0","0","0","0","https://twitter.comnull",,,"false",,"false","1","0","1822537307745890760","Sankara Mahalingam","0","false","@StarbucksIndia I went to Uptown branch and planned to spent 1k, while my mob charge was down & missed my charger & asked the so friendly customer executives who blindly refused. Moved out and spent that in ID HOTEL where customer rep was so friendly. Grow up team! #STARBUCKSDOWN","2024-08-11T07:35:00.000Z","0","@tweetsanks"
,,,,,,,,,,,,,,,,,,,,,,,,,,,,,,,,,,,,,,,"0","0","0","0","https://twitter.comnull",,,"false",,"true","0","0","1822422879365140489","Benjamin Lockheart","0","true","Typical of India's obsession with modernization - losing its soul to Starbucks and bland, overpriced coffee chains. The rich history and culture of these iconic cafes gets sacrificed for the sake of ""progress"".","2024-08-11T00:00:00.000Z","3","@BlockHeartBen"
,,,,,,,,,,,,,,,,,,,,,,,,,"https://twitter.com/MEAIndia","https://twitter.com/search?q=%23Starbucks",,,,,,,,,,,,,"0","0","0","0","https://twitter.comnull",,,"false",,"true","8","2","1818899129512099865","Levina🇮🇳","55","false","How many CHEENI visit India❓❓❓
Any clue??? @MEAIndia 

I was a lil shocked to spot a lot of CHEENI (men and women) at the #Starbucks near my hotel in Delhi.

They were just too many visiting the place. 

I had to visit the restaurant multiple times. And each time I went I saw new gangs of Cheeni.","2024-08-01T06:38:00.000Z","130","@LevinaNeythiri"
,,,,,,,,,,,,,,,,,,,,,,,,,"https://twitter.com/StarbucksIndia",,,,,,,,,,,,,,"0","0","0","0","https://twitter.comnull",,,"false",,"false","0","0","1822344362266689809","🐦‍⬛Tina Ganguly 🐦‍⬛","0","false","I plan to try their pesto sourdough toast next, but I'm skeptical. Interestingly, most people were ordering cold coffee, not the hot ones @StarbucksIndia","2024-08-10T18:48:00.000Z","1","@gangulyteena"
"https://profile_images/1152652353235034113/RuwIghD9.jpg","Shergil 𓆉",,"https://twitter.com/search?q=%23TimHortons","https://twitter.com/search?q=%23Cndpoli",,,,,,,,,,,,,,,,,"Working at a Tim Hortons, especially in a big city, isn’t an easy job.  For the Punjabi students who work there, they usually are the most friendliest sweetest staff, it’s unfortunate so many venomous ppl in Canada 🇨🇦 and online Indian trolls 🧌👹 spread hate #TimHortons #Cndpoli","2024-08-10T04:49:00.000Z","https://twitter.com/sshergil190/status/1822133141353418762","@sshergil190",,,,,,,,,,,,,,,"0","0","0","0","https://twitter.comnull",,,"false",,"true","0","0","1822341978610139585","Zak","0","false","I used to work at Starbucks at a 5 star hotel. I would never call that a ""hard job.""

This video was made so Shergil the Slumlord here can continue to stuff his entire village into a one bedroom condo.

Strange post from the mommy/daddy obsessed Sikhs. Not even India wants them","2024-08-10T18:39:00.000Z","0","@bridgeinboston"
,,,,,,,,,,,,,,,,,,,,,,,,,"https://twitter.com/StarbucksIndia","https://twitter.com/Starbucks",,,,,,,,,,,,,"0","0","0","0","https://twitter.comnull",,,"false",,"false","0","0","1822259512780210601","Lyndon D'souza","0","false","Super Saturday with Tim Keller's book on Preaching and the 'Mocha Cookie Crumble Frappuccino' @StarbucksIndia @Starbucks","2024-08-10T13:11:00.000Z","0","@lyndon_dsouza"
,,,,,,,,,,,,,,,,,,,,,,,,,,,,,,,,,,,,,,,"0","0","0","0","https://twitter.comnull",,,"false",,"false","4","0","1822253132195520714","Dipan Bag","0","false","Why do INDIANS, in INDIA, order Chai Tea Latte at Starbucks!?","2024-08-10T12:46:00.000Z","2","@bag_dipan"
,,,,,,,,,,,,,,,,,,,,,,,,,,,,,,,,,,,,,,,"0","0","0","0","https://twitter.comnull",,,"false",,"true","0","0","1822242388531945944","Starbucks India","0","true","Hi - We are sorry to hear about that. Please DM us your contact number, our Customer Care Team would connect with you.","2024-08-10T12:03:00.000Z","0","@StarbucksIndia"
,,,,,,,,,,,,,,,,,,,,,,,,,"https://twitter.com/StarbucksIndia","https://twitter.com/StarbucksIndia",,,,,,,,,,,,,"0","0","0","0","https://twitter.comnull",,,"false",,"false","2","0","1822186641882013706","Hargovind Pujapanda","0","false","@StarbucksIndia  what  sort of behavior have you guys inducted to @StarbucksIndia Staff at Esplanade Mall Bhubaneswar.  I mean they don't even have a remorse of decency.I had a morning flight from Bhubaneswar so I visited Starbucks Esplande at around 9:40 - 9:45 am in the morning","2024-08-10T08:22:00.000Z","0","@HargovindPujap2"
,,,,,,,,,,,,,,,,,,,,,,,,,,,,,,,,,,,,,,,"0","0","0","0","https://twitter.comnull",,,"false",,"true","0","0","1822178817089105998","Starbucks India","0","true","Hi Kannan - We are sorry to hear about that. Please DM us the store name / location along with your contact number and invoice details ,​ our Customer Care Team would connect with yo","2024-08-10T07:50:00.000Z","0","@StarbucksIndia"
,,,,,,,,,,,,,,,,,,,,,,,,,,,,,,,,,,,,,,,"0","0","0","0","https://twitter.comnull",,,"false",,"true","0","0","1822177814663024983","Starbucks India","0","true","Hi Siddhartha - We are sorry to hear about that. Please DM us your contact number, our Customer Care Team would connect with you.","2024-08-10T07:47:00.000Z","0","@StarbucksIndia"
,,,,,,,,,,,,,,,,,,,,,,,,,,,,,,,,,,,,,,,"0","0","0","0","https://twitter.comnull",,,"false",,"true","0","0","1822177193746628903","Starbucks India","0","true","Hi Neha - We are sorry to hear about that. Please DM us your contact number, our Customer Care Team would connect with you.","2024-08-10T07:44:00.000Z","0","@StarbucksIndia"
,,,,,,,,,,,,,,,,,,,,,,,,,"https://twitter.com/search?q=%23SHOCKING","https://www.instagram.com/p/C-ecSL9P4ro/?igsh=MWR5NjUzNDBxMWh6eQ==","https://twitter.com/search?q=%23Mumbai","https://twitter.com/search?q=%23Zomato","https://twitter.com/search?q=%23Starbucks","https://twitter.com/search?q=%23CoffeeLove","https://twitter.com/search?q=%23Loyalty","https://twitter.com/search?q=%23ExtraordinaryBilling","https://twitter.com/search?q=%23india","https://twitter.com/search?q=%23theassaminsight",,,,,"0","0","0","0","https://twitter.comnull",,,"false",,"false","0","0","1822125065049366791","The Assam Insight","0","false","#SHOCKING Woman in Mumbai Creates Buzz by Ordering Rs 9.4 Lakh Worth of Coffee on Zomato from Starbucks

Read more on this topic 
instagram.com/p/C-ecSL9P4ro/…

#Mumbai #Zomato #Starbucks #CoffeeLove #Loyalty #ExtraordinaryBilling #india #theassaminsight","2024-08-10T04:17:00.000Z","0","@theassaminsight"
,,,,,,,,,,,,,,,,,,,,,,,,,"https://twitter.com/TataCompanies","https://twitter.com/StarbucksIndia",,,,,,,,,,,,,"0","0","0","0","https://twitter.comnull",,,"false",,"false","0","0","1822106557770764588","Dominic Twyford","0","false","Dear @TataCompanies @StarbucksIndia - I have ordered coffee on 3 separate occasions this week. This is what was delivered each time. I have given my number but no call back? Bit of a disaster!","2024-08-10T03:03:00.000Z","0","@Dom_Twyford"
,,,,,,,,,,,,,,,,,,,,,,,,,"https://twitter.com/StarbucksIndia",,,,,,,,,,,,,,"0","0","0","0","https://twitter.comnull",,,"false",,"false","0","0","1822102410086514703","Dominic Twyford","0","false","Congratulations @StarbucksIndia - you really don’t care!","2024-08-10T02:47:00.000Z","0","@Dom_Twyford"
,,,,,,,,,,,,,,,,,,,,,,,,,"https://invst.ly/15zuhn",,,,,,,,,,,,,,"0","0","0","0","https://twitter.comnull",,,"false",,"false","0","0","1822018056861675647","Investing.com India 🇮🇳","0","false","Starbucks gains in afterhours as activist Starboard takes stake, WSJ says invst.ly/15zuhn","2024-08-09T21:12:00.000Z","0","@investing_ind"
,,,,,,,,,,,,,,,,,,,,,,,,,"https://twitter.com/StarbucksIndia",,,,,,,,,,,,,,"0","0","0","0","https://twitter.comnull",,,"false",,"false","2","0","1821984664317267991","neha vyas","0","false","I ordered cold coffee (tall) of @StarbucksIndia in jodhpur & was disappointed from the quality. Only foam no milk, watery consistency & too sweet! I have ordered before so am aware of the taste but this time it was closing time so was not able to complain there.","2024-08-09T18:59:00.000Z","1","@nehavya30477523"
,,,,,,,,,,,,,,,,,,,,,,,,,,,,,,,,,,,,,,,"0","0","0","0","https://twitter.comnull",,,"false",,"true","5477","496","1821481369026932901","Oli London","3303","false","Woman complains about having to work as a barista in Starbucks after graduating with a degree in Gender and Queer studies. 

“College gets you nowhere.”","2024-08-08T09:39:00.000Z","17247","@OliLondonTV"
,,,,,,,,,,,,,,,,,,,,,,,,,"https://twitter.com/Starbucks","https://twitter.com/StarbucksIndia","https://twitter.com/search?q=%23Panino","https://twitter.com/search?q=%23OOTW","https://twitter.com/search?q=%23Coffee","https://twitter.com/search?q=%23Cappuccino","https://twitter.com/search?q=%23Nagpur","https://twitter.com/search?q=%23Starbucks","https://twitter.com/search?q=%23StarbucksIndia",,,,,,"0","0","0","0","https://twitter.comnull",,,"false",,"false","0","0","1821949893658718694","Panino Sandwich Co.","0","false","Sip on our Classic Cappuccino—a perfect blend of rich coffee and silky milk foam. Perfectly brewed, just for you. 

Get your coffee fix without breaking the bank! 👀

@Starbucks @StarbucksIndia  

#Panino #OOTW #Coffee #Cappuccino #Nagpur #Starbucks #StarbucksIndia","2024-08-09T16:41:00.000Z","0","@PaninoIndia"
,,,,,,,,,,,,,,,,,,,,,,,,,"https://twitter.com/Starbucks","https://twitter.com/StarbucksIndia",,,,,,,,,,,,,"0","0","0","0","https://twitter.comnull",,,"false",,"false","0","0","1821935208498663531","Abhishek Srivastava","0","false","Flat White at Starbucks Reserve, Horniman Circle, Fort @Starbucks @StarbucksIndia .","2024-08-09T15:42:00.000Z","0","@sriabh"
,,,,,,,,,,,,,,,,,,,,,,,,,"https://twitter.com/StarbucksIndia",,,,,,,,,,,,,,"0","0","0","0","https://twitter.comnull",,,"false",,"false","0","0","1821909360395612429","Nitesh","0","false","@StarbucksIndia why use cheap milk in your coffee?","2024-08-09T14:00:00.000Z","0","@knite_sh"
,,,,,,,,,,,,,,,,,,,,,,,,,"https://twitter.com/search?q=%23varunsheeda","https://twitter.com/search?q=%23friendsandfamily","https://twitter.com/search?q=%23lifestyle","https://twitter.com/Starbucks","https://twitter.com/StarbucksIndia","https://twitter.com/search?q=%23starbucks",,,,,,,,,"0","0","0","0","https://twitter.comnull",,,"false",,"false","0","0","1821865886635938140","VARUN SHEEDA","0","false","#varunsheeda #friendsandfamily #lifestyle 🤍
@starbucks @starbucksindia #starbucks","2024-08-09T11:07:00.000Z","0","@Varunsheeda"
,,,,,,,,,,,,,,,,,,,,,,,,,,,,,,,,,,,,,,,"0","0","0","0","https://twitter.comnull",,,"false",,"false","0","0","1821847619838341352","アイおじ(=アイスのおっさん)","0","true","あー、かしこ！
それだ！！","2024-08-09T09:54:00.000Z","1","@oimohorihor1"
"https://profile_images/1753607146321723393/NPF6f0o0.jpg","アイおじ(=アイスのおっさん)",,,,,,,,,,,,,,,,,,,,"ソーリー、マダーム

コーヒーゼリーとかなんでインドにないんですかね？
ファルーダとかあるのに。苦いから？","2024-08-09T09:12:00.000Z","https://twitter.com/oimohorihor1/status/1821836890162786761","@oimohorihor1","https://twitter.com/StarbucksIndia",,,,,,,,,,,,,,"0","0","0","0","https://twitter.comnull",,,"false",,"false","1","0","1821845528872955926","インド嫁","0","true","そうだ！スタバ@StarbucksIndia でぜひコーヒーゼリーを展開して欲しい","2024-08-09T09:46:00.000Z","2","@indoyome3"
,,,,,,,,,,,,,,,,,,,,,,,,,,,,,,,,,,,,,,,"0","0","0","0","https://twitter.comnull",,,"false",,"false","0","0","1821817447827054700","ਪੀਯੂਸ਼ ਰਤਨ ਭਾਰਦਵਾਜ Piyush Ratan Bhardwaj","0","true","Mainu shuru toh hi bakwas laaga Starbucks specially India ch","2024-08-09T07:55:00.000Z","1","@ghaintbanda25"
"https://profile_images/824965533430849536/5gx8KNlW.jpg","Siddhartha Basu",,"https://twitter.com/TataStarbucks",,,,,,,,,,,,,,,,,,"@TataStarbucks Very disappointed with service provided by your store Pune Mumbai highway, points not credited even after purchase was made","2024-08-09T06:25:00.000Z","https://twitter.com/Sidbasu2004/status/1821794868747715034","@Sidbasu2004","https://twitter.com/StarbucksIndia",,,,,,,,,,,,,,"0","0","0","0","https://twitter.comnull",,,"false",,"false","1","0","1821795285040873932","Siddhartha Basu","0","false","@StarbucksIndia please look into this on priority","2024-08-09T06:26:00.000Z","0","@Sidbasu2004"
,,,,,,,,,,,,,,,,,,,,,,,,,,,,,,,,,,,,,,,"0","0","0","0","https://twitter.comnull",,,"false",,"true","1008","216","1821343300206334252","Nour Zeidan","23675","false","Israel is RAPING Palestinians and y’all still can’t boycott Starbucks and McDonald’s…","2024-08-08T00:30:00.000Z","46184","@nour_zeidan"
,,,,,,,,,,,,,,,,,,,,,,,,,,,,,,,,,,,,,,,"0","0","0","0","https://twitter.comnull",,,"false",,"true","0","0","1821778993286418793","Starbucks India","0","true","Hi Kannan - We are sorry to hear about that. Please DM us the store name / location along with your contact number and invoice details , our Customer Care Team would connect with you.","2024-08-09T05:22:00.000Z","0","@StarbucksIndia"
,,,,,,,,,,,,,,,,,,,,,,,,,,,,,,,,,,,,,,,"0","0","0","0","https://twitter.comnull",,,"false",,"true","0","0","1821778571830194236","Prashant | AI","0","true","Starbucks made coffee a style statement and their cafes a hangout spot. What cafe coffee day did in India if you remember","2024-08-09T05:20:00.000Z","1","@Prashant_1722"
,,,,,,,,,,,,,,,,,,,,,,,,,,,,,,,,,,,,,,,"0","0","0","0","https://twitter.comnull",,,"false",,"true","0","0","1821768256623145383","Starbucks India","0","true","Hi - We are sorry to hear about that. Please DM us your contact number, our Customer Care Team would connect with you.","2024-08-09T04:39:00.000Z","0","@StarbucksIndia"
,,,,,,,,,,,,,,,,,,,,,,,,,"https://twitter.com/search?q=%23Monsoons",,,,,,,,,,,,,,"0","0","0","0","https://twitter.comnull",,,"false",,"true","0","0","1821758303019659600","Starbucks India","0","false","This monsoon we’ve got a new rule-
When it pours outside 🌧️
We pour inside ☕️🤌🏽

#Monsoons","2024-08-09T04:00:00.000Z","12","@StarbucksIndia"
,,,,,,,,,,,,,,,,,,,,,,,,,"https://twitter.com/StarbucksIndia",,,,,,,,,,,,,,"0","0","0","0","https://twitter.comnull",,,"false",,"false","3","0","1821718051399573706","Kannan","0","false","Dear @StarbucksIndia Passengers like me get up early in the morning to catch a flight  in Delhi Airport. We come to your store for a morning coffee and quick bite, only to be returned back by the cashier saying that they only accept CASH!!

What world are we living in when people","2024-08-09T01:20:00.000Z","0","@AbhiIyer5"
,,,,,,,,,,,,,,,,,,,,,,,,,"https://twitter.com/search?q=%23tea","https://twitter.com/search?q=%23bobatea","https://twitter.com/search?q=%23beverages","https://www.businessinsider.in/retail/news/everyone-from-starbucks-to-chinese-giants-wants-in-on-the-global-boba-tea-craze-meet-the-family-who-started-it-all-/articleshow/112365255.cms",,,,,,,,,,,"0","0","0","0","https://twitter.comnull",,,"false",,"true","0","0","1821614857130483825","Business Insider India🇮🇳","0","false","Everyone from Starbucks to Chinese giants wants in on the global boba tea craze. Meet the family who started it all.

#tea #bobatea #beverages 

businessinsider.in/retail/ne…","2024-08-08T18:30:00.000Z","0","@BiIndia"
,,,,,,,,,,,,,,,,,,,,,,,,,,,,,,,,,,,,,,,"0","0","0","0","https://twitter.comnull",,,"false",,"false","0","0","1821568429058318761","José Antonio Rosa","0","false","Abaixo está o quadro de medalhas da Índia. Mas os CEOs das empresas Microsoft, Google, YouTube, Adobe, IBM, Starbucks e Delloite são indianos. A Índia que um dia foi um país pobre está se tornando um potência mundial. Estão ganhando a olimpíada da educação e do desenvolvimento.","2024-08-08T15:25:00.000Z","2","@joserosasilva"
,,,,,,,,,,,,,,,,,,,,,,,,,,,,,,,,,,,,,,,"0","0","0","0","https://twitter.comnull",,,"false",,"false","3","0","1821235089893945633","Rishi Alwani","1","false","I find it utterly fascinating that every Starbucks in India has two cashier counters and every Starbucks in India has only one of the two cashier counters working at any given time.","2024-08-07T17:20:00.000Z","27","@RishiAlwani"
,,,,,,,,,,,,,,,,,,,,,,,,,,,,,,,,,,,,,,,"0","0","0","0","https://twitter.comnull",,,"false",,"true","1","0","1821524753569697898","Starbucks India","0","true","Hi Vartika - We are sorry to hear about that. Please DM us the store name / location along with your contact number, our Customer Care Team would connect with you.","2024-08-08T12:31:00.000Z","0","@StarbucksIndia"
,,,,,,,,,,,,,,,,,,,,,,,,,,,,,,,,,,,,,,,"0","0","0","0","https://twitter.comnull",,,"false",,"true","0","0","1821521714985288028","Starbucks India","1","true","Hi Thasveer - We are sorry to hear about that. Our Customer Care Team would connect with you to address the concern.","2024-08-08T12:19:00.000Z","1","@StarbucksIndia"
,,,,,,,,,,,,,,,,,,,,,,,,,,,,,,,,,,,,,,,"0","0","0","0","https://twitter.comnull",,,"false",,"true","0","0","1821520959591116963","Starbucks India","0","true","Hi Shashank - We are sorry to hear about that. Please DM us the store name / location along with your contact number, our Customer Care Team would connect with you.","2024-08-08T12:16:00.000Z","0","@StarbucksIndia"
,,,,,,,,,,,,,,,,,,,,,,,,,"https://twitter.com/StarbucksIndia","https://twitter.com/Starbucks",,,,,,,,,,,,,"0","0","0","0","https://twitter.comnull",,,"false",,"false","0","0","1821452525330989154","Abhishek Srivastava","0","false","Pour Over at Starbucks, Powai @StarbucksIndia @Starbucks .","2024-08-08T07:44:00.000Z","1","@sriabh"
,,,,,,,,,,,,,,,,,,,,,,,,,"https://twitter.com/StarbucksIndia",,,,,,,,,,,,,,"0","0","0","0","https://twitter.comnull",,,"false",,"false","1","0","1821449894369915318","Shashank Gupta","0","false","@StarbucksIndia Can't connect to internet, it says contact support as I entered wrong code three times (I didn't). Staff can't help. Now even with a different number I can't connect. Kindly help.","2024-08-08T07:34:00.000Z","0","@SN_Gupta"
,,,,,,,,,,,,,,,,,,,,,,,,,"https://indianexpress.com/article/trending/trending-in-india/zomato-customer-spends-rs-9-4-lakh-on-starbucks-coffee-company-celebrates-it-with-special-ad-viral-9502212/",,,,,,,,,,,,,,"0","0","0","0","https://twitter.comnull",,,"false",,"false","0","0","1821444744443990217","India News","0","false","Zomato customer spends Rs 9.4 lakh on Starbucks coffee, company celebrates it with special ad. Watch here 

indianexpress.com/article/tr…","2024-08-08T07:14:00.000Z","0","@dailyindia"
,,,,,,,,,,,,,,,,,,,,,,,,,"https://twitter.com/Starbucks","https://twitter.com/StarbucksIndia","https://twitter.com/StarbucksUK","https://twitter.com/SbuxIndonesia","https://twitter.com/StarbucksCanada",,,,,,,,,,"0","0","0","0","https://twitter.comnull",,,"false",,"false","1","0","1821418689771577845","thasveer.thittayil","1","false","5'th August may have very bad experience in your city centre mall manguluru starbucks outlet your lady staff insult me need immediately action against your staff otherwise I start leagal action @Starbucks @StarbucksIndia @StarbucksUK @SbuxIndonesia @StarbucksCanada","2024-08-08T05:30:00.000Z","1","@thasveert"
,,,,,,,,,,,,,,,,,,,,,,,,,"https://twitter.com/StarbucksIndia",,,,,,,,,,,,,,"0","0","0","0","https://twitter.comnull",,,"false",,"false","0","0","1821400145453343020","Dominic Twyford","0","false","Second day running @StarbucksIndia - these are not the same pictures. This time the coffee is hot enough to scold the skin. Again ordered in Bandra.","2024-08-08T04:16:00.000Z","0","@Dom_Twyford"
,,,,,,,,,,,,,,,,,,,,,,,,,"https://twitter.com/StarbucksIndia",,,,,,,,,,,,,,"0","0","0","0","https://twitter.comnull",,,"false",,"false","2","0","1821239185241509919","vartika mathur","0","false","@StarbucksIndia If u cannot tie provide correct orders stop releasing your offers on zomato and swiggy. Who takes responsibility of incorrect orders and customer complaints. Ordered coffee from starbucks and incorrect order delivered and im a regular at starbucks.","2024-08-07T17:37:00.000Z","0","@vartikamathur"
,,,,,,,,,,,,,,,,,,,,,,,,,,,,,,,,,,,,,,,"0","0","0","0","https://twitter.comnull",,,"false",,"true","1","0","1821232488670503102","Naveena","0","false","Especially within the US stores.

Stores within India I experienced personally seem to be operating much more efficiently with a lasting customer experience.

Every Starbucks store I visited in India felt like the closest experience I could get to being in the US.","2024-08-07T17:10:00.000Z","1","@gundreddy14"
,,,,,,,,,,,,,,,,,,,,,,,,,"https://twitter.com/Starbucks","https://twitter.com/StarbucksIndia",,,,,,,,,,,,,"0","0","0","0","https://twitter.comnull",,,"false",,"false","0","0","1821230721572167754","Abhishek Srivastava","0","false","Flat White at Starbucks, Powai @Starbucks @StarbucksIndia .","2024-08-07T17:03:00.000Z","1","@sriabh"
,,,,,,,,,,,,,,,,,,,,,,,,,,,,,,,,,,,,,,,"0","0","0","0","https://twitter.comnull",,,"false",,"false","0","0","1821206793084924370","SophiaLipschultz1","0","false","This is for the 3 ppl in Edina Starbucks
yesterday Tuesday 
you had mentioned she is African American that is VP Harris
pls pp she is Indian, her mum is from India & her father is Jamacain , not Africcan American
please get it straight

ty","2024-08-07T15:28:00.000Z","0","@SusanEs69483498"
,,,,,,,,,,,,,,,,,,,,,,,,,,,,,,,,,,,,,,,"0","0","0","0","https://twitter.comnull",,,"false",,"false","0","0","1821175505682309266","Dominic Twyford","0","true","Bandra West store. My number is 96197 70911. No need to be sorry, just hire staff that remotely care. And please banish emoji's.","2024-08-07T13:24:00.000Z","0","@Dom_Twyford"
,,,,,,,,,,,,,,,,,,,,,,,,,"https://twitter.com/Starbucks","https://twitter.com/StarbucksIndia","https://twitter.com/StarbucksUK","https://twitter.com/SbuxIndonesia","https://twitter.com/StarbucksCanada",,,,,,,,,,"0","0","0","0","https://twitter.comnull",,,"false",,"false","0","0","1821154355942228158","thasveer.thittayil","0","false","5'th August 2024 may have very bad experience in your city centre mall manguluru starbucks outlet your lady staff insult me need immediately action against your staff otherwise I start leagal action @Starbucks @StarbucksIndia @StarbucksUK @SbuxIndonesia @StarbucksCanada","2024-08-07T12:00:00.000Z","1","@thasveert"
,,,,,,,,,,,,,,,,,,,,,,,,,,,,,,,,,,,,,,,"0","0","0","0","https://twitter.comnull",,,"false",,"true","0","0","1821152800090550383","Starbucks India","0","true","Hi Krishna - We are sorry to hear about that. Please DM us your contact number along with order details, our Customer Care Team would connect with you.","2024-08-07T11:53:00.000Z","0","@StarbucksIndia"
,,,,,,,,,,,,,,,,,,,,,,,,,"https://twitter.com/search?q=%23CoffeeLovers","https://twitter.com/zomato","https://twitter.com/StarbucksIndia",,,,,,,,,,,,"0","0","0","0","https://twitter.comnull",,,"false",,"false","0","0","1821151426044731706","Raghavendra Udayagiri","0","false","#CoffeeLovers @zomato @StarbucksIndia","2024-08-07T11:48:00.000Z","0","@raghava4"
,,,,,,,,,,,,,,,,,,,,,,,,,,,,,,,,,,,,,,,"0","0","0","0","https://twitter.comnull",,,"false",,"true","1","0","1821149987889410390","Starbucks India","0","true","Hi - We are sorry to hear about that. Please DM us the store name / location along with your contact number, our Customer Care Team would connect with you.","2024-08-07T11:42:00.000Z","0","@StarbucksIndia"
,,,,,,,,,,,,,,,,,,,,,,,,,,,,,,,,,,,,,,,"0","0","0","0","https://twitter.comnull",,,"false",,"true","0","0","1821144136197796037","Starbucks India","0","true","Hi Rajeev - We are sorry to hear about that. Please DM us your contact number, our Customer Care Team would connect with you.","2024-08-07T11:19:00.000Z","0","@StarbucksIndia"
,,,,,,,,,,,,,,,,,,,,,,,,,"https://twitter.com/Starbucks","https://twitter.com/StarbucksIndia","https://twitter.com/Starbucks",,,,,,,,,,,,"0","0","0","0","https://twitter.comnull",,,"false",,"true","0","0","1821095109368107057","Sai Venkata Phani Kumar Chivukula(Modi Ka Pariwar)","0","false","""Strawberry Grande"" @Starbucks, GVK Mall. 🤗😎 

@StarbucksIndia @Starbucks","2024-08-07T08:04:00.000Z","0","@CsvPhani"
,,,,,,,,,,,,,,,,,,,,,,,,,"https://twitter.com/StarbucksIndia","https://twitter.com/search?q=%23HALAL","https://twitter.com/search?q=%23Anti_Halal","https://www.hindujagruti.org/boycott-halal-products","https://twitter.com/Aamitabh2","https://twitter.com/Vishnu_Jain1","https://twitter.com/KapilMishra_IND",,,,,,,,"0","0","0","0","https://twitter.comnull",,,"false",,"false","297","250","1690479289626746880","🚩 Ramesh Shinde 🇮🇳","2535","false","Shocking to know...
@StarbucksIndia serves Only #HALAL !!
Why is this Halal imposition on Hindus & other Non-Muslims ?
Do Hindus have No Freedom to Eat?
Protest against this Injustice !
Join #Anti_Halal Movement.
hindujagruti.org/boycott-hal…
@Aamitabh2 @Vishnu_Jain1 
@KapilMishra_IND","2023-08-12T21:44:00.000Z","3082","@Ramesh_hjs"
,,,,,,,,,,,,,,,,,,,,,,,,,"https://twitter.com/StarbucksIndia","https://twitter.com/search?q=%23PhoenixPalassio","https://twitter.com/search?q=%23FriendshipDay","https://twitter.com/search?q=%23Startbucks",,,,,,,,,,,"0","0","0","0","https://twitter.comnull",,,"false",,"false","0","0","1821087160461832528","Phoenix Palassio","0","false","Love at first sip!

Brew the perfect coffee at @StarbucksIndia. Enjoy 30% off drinks like Java Chip Frappuccino and Signature Hot Chocolate. Offer valid until August 18th.

Swing by the Starbucks outlet at #PhoenixPalassio.

#FriendshipDay #Startbucks","2024-08-07T07:33:00.000Z","0","@PhoenixPalassio"
,,,,,,,,,,,,,,,,,,,,,,,,,"https://twitter.com/Starbucks","https://twitter.com/StarbucksIndia",,,,,,,,,,,,,"0","0","0","0","https://twitter.comnull",,,"false",,"false","1","0","1821054635638939773","Rajeev Chugh {Arjun}","0","false","@Starbucks @StarbucksIndia Dehradun Rajpur store does not have AC because electricity department cut off your supply. 
Toilets have no tissue paper because your management wants to save on money.
Yet cost of latte is 350+.
We pay 100 for coffee and rest for AC and a clean toilet.","2024-08-07T05:23:00.000Z","0","@chulbulchugh"
,,,,,,,,,,,,,,,,,,,,,,,,,,,,,,,,,,,,,,,"0","0","0","0","https://twitter.comnull",,,"false",,"false","0","0","1820948186846130642","Sreeni Reddy","0","true","Don't forget Microsoft Google IBM YouTube Starbucks almost all big companies  even world bank have an Indian CEO at the top so we have all the data needed to control anybody anywhere anytime, better go hide in a cave if you're afraid of Indians, just be glad India is friendly","2024-08-06T22:20:00.000Z","1","@sreeni_d"
"https://profile_images/1814917334147932160/U1V9MPLC.jpg","Vigilante🥷","https://pbs.twimg.com/media/GUOjseqW8AAVCrQ.jpg",,,,,,,,,,,,,,,,,,,"Boycott works","2024-08-05T15:15:00.000Z","https://twitter.com/Vigilante2801/status/1820478663785345043","@Vigilante2801","https://twitter.com/StarbucksUK","https://twitter.com/Starbucks","https://twitter.com/Starbucks_J","https://twitter.com/StarbucksMY","https://twitter.com/SbuxIndonesia","https://twitter.com/StarbucksIndia","https://twitter.com/StarbucksCanada",,,,,,,,"0","0","0","0","https://twitter.comnull",,,"false",,"true","0","0","1820947960886104236","Sul","0","false","Boycott @StarbucksUK @Starbucks @Starbucks_J @StarbucksMY @SbuxIndonesia @StarbucksIndia @StarbucksCanada You suck!","2024-08-06T22:20:00.000Z","0","@2022v"
,,,,,,,,,,,,,,,,,,,,,,,,,,,,,,,,,,,,,,,"0","0","0","0","https://twitter.comnull",,,"false",,"false","0","0","1820935984097185843","Tsarone","0","true","Me too. I grew up in a union family, United Steelworkers of America. I was even a member one summer. Never had another job where union membership was possible, but I support the efforts to organize Starbucks, Trader Joe's and Amazon when I can.","2024-08-06T21:32:00.000Z","0","@IndiaStreetKali"
,,,,,,,,,,,,,,,,,,,,,,,,,"https://twitter.com/StarbucksIndia",,,,,,,,,,,,,,"0","0","0","0","https://twitter.comnull",,,"false",,"true","0","0","1820920284108505210","sasa","0","false","Road no 12 @StarbucksIndia","2024-08-06T20:30:00.000Z","0","@sasahyd"
,,,,,,,,,,,,,,,,,,,,,,,,,"https://twitter.com/zomato","https://twitter.com/StarbucksIndia",,,,,,,,,,,,,"0","0","0","0","https://twitter.comnull",,,"false",,"false","2","0","1820873247648330139","Krishna J","0","false","@zomato @StarbucksIndia 
Looks like Zomato and Starbucks India are running a scam. Moreover they dont care of their delivery guys. You order something, and they deliver something else. I wouldn't have posted this but today it happened for 5th time in couple of months.","2024-08-06T17:23:00.000Z","0","@KrishnaJ1975"
,,,,,,,,,,,,,,,,,,,,,,,,,"https://twitter.com/sdash1","https://twitter.com/StarbucksIndia","https://twitter.com/anushkarathod98","https://twitter.com/ash_talks","https://twitter.com/Edelman_India","https://twitter.com/kushals199","https://twitter.com/AdfactorsPR",,,,,,,,"0","0","0","0","https://twitter.comnull",,,"false",,"false","1","0","1820803632251699206","PRCAI","0","false","Our distinguished guests include @sdash1, CEO of @StarbucksIndia, @anushkarathod98, Content Creator and Author of 'The Money Guide,' @ash_talks, Lead Advisor, Brand Marketing and Communications at @Edelman_India, and @kushals199 from @AdfactorsPR.","2024-08-06T12:46:00.000Z","1","@PRCAIndia"
,,,,,,,,,,,,,,,,,,,,,,,,,,,,,,,,,,,,,,,"0","0","0","0","https://twitter.comnull",,,"false",,"false","0","0","1820793417309335755","Gaurav Pandey","0","true","we are loving starbucks here in India.","2024-08-06T12:05:00.000Z","0","@pandeygaurav23"
,,,,,,,,,,,,,,,,,,,,,,,,,,,,,,,,,,,,,,,"0","0","0","0","https://twitter.comnull",,,"false",,"true","0","0","1820766039036313846","Starbucks India","0","true","We are glad you had such a wonderful experience, We would love to have you visit us again. See you soon.💚💚","2024-08-06T10:17:00.000Z","0","@StarbucksIndia"
,,,,,,,,,,,,,,,,,,,,,,,,,,,,,,,,,,,,,,,"0","0","0","0","https://twitter.comnull",,,"false",,"false","0","0","1820675810514391502","thasveer.thittayil","0","true",,"2024-08-06T04:18:00.000Z","0","@thasveert"
,,,,,,,,,,,,,,,,,,,,,,,,,,,,,,,,,,,,,,,"0","0","0","0","https://twitter.comnull",,,"false",,"false","0","0","1820675555316088926","thasveer.thittayil","0","true","9947296583","2024-08-06T04:17:00.000Z","0","@thasveert"
,,,,,,,,,,,,,,,,,,,,,,,,,,,,,,,,,,,,,,,"0","0","0","0","https://twitter.comnull",,,"false",,"true","2","0","1820672792129569245","Starbucks India","1","true","Hi Thasveer - We are sorry to hear about that and regret the delayed response. Please DM us your contact number, our Customer Care Team would connect with you.","2024-08-06T04:06:00.000Z","0","@StarbucksIndia"
,,,,,,,,,,,,,,,,,,,,,,,,,"https://twitter.com/StarbucksIndia",,,,,,,,,,,,,,"0","0","0","0","https://twitter.comnull",,,"false",,"false","1","0","1820657192552517756","Dominic Twyford","0","false","Hey @StarbucksIndia great innovation delivering hot coffee in papier-mâché cups! Please advise on how i drink this.
“Keep smiling”, and a smily face, suggest you concentrate on making coffee not insincere over familiarity 😘🙏🤗","2024-08-06T03:04:00.000Z","0","@Dom_Twyford"
,,,,,,,,,,,,,,,,,,,,,,,,,"https://twitter.com/Starbucks","https://twitter.com/StarbucksIndia",,,,,,,,,,,,,"0","0","0","0","https://twitter.comnull",,,"false",,"false","0","0","1820500198197756067","Abhishek Srivastava","0","false","Flat White at Starbucks, Powai @Starbucks @StarbucksIndia .","2024-08-05T16:40:00.000Z","1","@sriabh"
,,,,,,,,,,,,,,,,,,,,,,,,,"https://twitter.com/AirportBilaspur","https://twitter.com/StarbucksIndia",,,,,,,,,,,,,"0","0","0","0","https://twitter.comnull",,,"false",,"false","1","0","1820267948612915394","Vishal","3","false","@AirportBilaspur  Starbucks arriving soon in Bilaspur. 

@StarbucksIndia  thanks for this!. 🔥

Location: near Rama port. Vyapar vihar","2024-08-05T01:17:00.000Z","4","@vishalweasel1"
,,,,,,,,,,,,,,,,,,,,,,,,,"https://twitter.com/StarbucksIndia","https://twitter.com/search?q=%23Starbucks","https://twitter.com/search?q=%23CustomerService",,,,,,,,,,,,"0","0","0","0","https://twitter.comnull",,,"false",,"false","0","0","1820431779569729962","Ritika Sood","0","false","Thank you @StarbucksIndia #Starbucks for getting back to me after my complaint and patiently listening to me… I really appreciate it #CustomerService","2024-08-05T12:08:00.000Z","0","@Ritiksood"
,,,,,,,,,,,,,,,,,,,,,,,,,,,,,,,,,,,,,,,"0","0","0","0","https://twitter.comnull",,,"false",,"true","0","0","1820401686038663394","Starbucks India","0","true","We are glad you had such a wonderful experience, We would love to have you visit us again. See you soon.💚💚","2024-08-05T10:09:00.000Z","0","@StarbucksIndia"
,,,,,,,,,,,,,,,,,,,,,,,,,,,,,,,,,,,,,,,"0","0","0","0","https://twitter.comnull",,,"false",,"false","6","0","1820342688375554313","KASHISH KHOKHAR.🚜🐬","1","false","If starbucks was made in India....🤔😝😝😝","2024-08-05T06:14:00.000Z","8","@miss_kh0khar"
,,,,,,,,,,,,,,,,,,,,,,,,,,,,,,,,,,,,,,,"0","0","0","0","https://twitter.comnull",,,"false",,"false","1","0","1820400701144523201","T","0","false","also it’s not enough for Hasina to flee to India, we need to see her and her ilk (family) in the hague","2024-08-05T10:05:00.000Z","1","@StarbucksSalafi"
,,,,,,,,,,,,,,,,,,,,,,,,,"https://twitter.com/Starbucks","https://twitter.com/StarbucksIndia","https://twitter.com/StarbucksUK","https://twitter.com/SbuxIndonesia","https://twitter.com/StarbucksCanada",,,,,,,,,,"0","0","0","0","https://twitter.comnull",,,"false",,"false","1","0","1820369184204988496","thasveer.thittayil","1","false","Today may have very bad experience in your city centre mall manguluru starbucks outlet your lady staff insult me need immediately action against your staff otherwise I start leagal action @Starbucks @StarbucksIndia @StarbucksUK @SbuxIndonesia @StarbucksCanada","2024-08-05T08:00:00.000Z","1","@thasveert"
,,,,,,,,,,,,,,,,,,,,,,,,,,,,,,,,,,,,,,,"0","0","0","0","https://twitter.comnull",,,"false",,"true","0","0","1820364184590438597","Starbucks India","0","true","Hi Kunal - We are sorry to hear about that. Please DM us your contact number, our Customer Care Team would connect with you.","2024-08-05T07:40:00.000Z","0","@StarbucksIndia"
,,,,,,,,,,,,,,,,,,,,,,,,,,,,,,,,,,,,,,,"0","0","0","0","https://twitter.comnull",,,"false",,"false","0","0","1820363863373849062","A.🇺🇸🦅","0","false","Crying why does Starbucks in India have a chocolate milkshake😭😭","2024-08-05T07:39:00.000Z","0","@TheThalaEra"
,,,,,,,,,,,,,,,,,,,,,,,,,,,,,,,,,,,,,,,"0","0","0","0","https://twitter.comnull",,,"false",,"true","0","0","1820363759770341458","Starbucks India","0","true","Hi Shivam - We are sorry to hear about that. Please DM us your contact number, our Customer Care Team would connect with you.","2024-08-05T07:38:00.000Z","0","@StarbucksIndia"
,,,,,,,,,,,,,,,,,,,,,,,,,"https://s.shopee.co.id/8f8X9W2RAP","https://id.shp.ee/8ooyev6?smtt=0.0.9","https://mycollection.shop/queensusisafitri",,,,,,,,,,,,"0","0","0","0","https://twitter.comnull",,,"false",,"false","0","0","1820310884021105120","SUSI SAFITRI","0","false","s.shopee.co.id/8f8X9W2RAP
id.shp.ee/8ooyev6?smtt=0.0.9
mycollection.shop/queensusis…
Starbucks Gelas Mug Mugs Old Series India 14 oz 473ml Rare Collection Merchandise | SKU 3.010.0084","2024-08-05T04:08:00.000Z","1","@SUSISAFITR61855"
,,,,,,,,,,,,,,,,,,,,,,,,,,,,,,,,,,,,,,,"0","0","0","0","https://twitter.comnull",,,"false",,"false","0","0","1820302557409136677","ENG KOON KO","0","false","THERE ARE MANY INFORMERS N DOUBLE INFORMERS IN SINGAPORE INDIA VIETNAM, CUPS COFFEE N STARBUCKS DANANG VIETNAM...","2024-08-05T03:35:00.000Z","0","@WARMEST666"
,,,,,,,,,,,,,,,,,,,,,,,,,"https://twitter.com/StarbucksIndia",,,,,,,,,,,,,,"0","0","0","0","https://twitter.comnull",,,"false",,"false","1","0","1820134962663952440","Kunal","0","false","@StarbucksIndia after asking them to show size of cups and showed them what cup they delivered they accepted their intentionally done act. I believe this is happening with every other customer. Please check. This is reputation of your brand.","2024-08-04T16:29:00.000Z","0","@kkunal84"
,,,,,,,,,,,,,,,,,,,,,,,,,"https://twitter.com/StarbucksIndia",,,,,,,,,,,,,,"0","0","0","0","https://twitter.comnull",,,"false",,"false","0","0","1820133843745058869","Kunal","0","false","@StarbucksIndia Pricing malpractice in Viviana mall thane.
I ordered Small latte of Rs 250 (for which they charged 275) and medium cappuccino of Rs 270 ( for which they charged 345).

First they told me this charge difference is due to GST and Taxes","2024-08-04T16:24:00.000Z","0","@kkunal84"
,,,,,,,,,,,,,,,,,,,,,,,,,,,,,,,,,,,,,,,"0","0","0","0","https://twitter.comnull",,,"false",,"true","45","16","1819811480818131377","Suppressed News.","477","false","🇹🇷JUST IN:

Thousands of Turks are protesting in front of a ""Starbucks"" near the Hagia Sophia Mosque in Istanbul, condemning its support for the israeli occupation.","2024-08-03T19:04:00.000Z","2057","@SuppressedNws"
